{"learning_rate": 0.04663487337381044, "num_leaves": 25, "subsample": 0.708663941500789, "colsample_bytree": 0.8963127822804291, "min_data_in_leaf": 96}