{"eta": 0.12030751346504398, "gamma": 0.11138454612964395, "max_depth": 3, "min_child_weight": 6, "subsample": 0.8049065621074901, "colsample_bytree": 0.5321779343376319}