{"eta": 0.08743726444074995, "gamma": 0.36016871409858636, "max_depth": 3, "min_child_weight": 5, "subsample": 0.9784995538736205, "colsample_bytree": 0.9624912187413414}