{"eta": 0.0851556880023156, "gamma": 2.1456396666519457, "max_depth": 3, "min_child_weight": 3, "subsample": 0.8871720755231942, "colsample_bytree": 0.647612800727328}