{"eta": 0.09169698642312783, "gamma": 0.09978654615613383, "max_depth": 3, "min_child_weight": 3, "subsample": 0.7450596535924662, "colsample_bytree": 0.5858610217907625}