{"learning_rate": 0.04062197150570825, "num_leaves": 838, "subsample": 0.5712932333444491, "colsample_bytree": 0.8595705438229508, "min_data_in_leaf": 98}