{"learning_rate": 0.04429383008677345, "num_leaves": 863, "subsample": 0.6462007142528005, "colsample_bytree": 0.9868663940908247, "min_data_in_leaf": 100}