{"learning_rate": 0.03682882477015051, "num_leaves": 292, "subsample": 0.5439929612084007, "colsample_bytree": 0.8456975359319882, "min_data_in_leaf": 92}