{"learning_rate": 0.09973287346711703, "num_leaves": 4, "subsample": 0.6494079360568152, "colsample_bytree": 0.6404212027885559, "min_data_in_leaf": 28}