{"learning_rate": 0.08638697830403386, "num_leaves": 895, "subsample": 0.19145264829011233, "colsample_bytree": 0.738213533079784, "min_data_in_leaf": 95}