{"eta": 0.0883979098651366, "gamma": 6.0276834331480576e-05, "max_depth": 3, "min_child_weight": 2, "subsample": 0.8046937189870189, "colsample_bytree": 0.665340714971185}