{"eta": 0.07408890991995767, "gamma": 2.1311160656137067e-06, "max_depth": 3, "min_child_weight": 1, "subsample": 0.6624404947524793, "colsample_bytree": 0.9247916427603455}