{"learning_rate": 0.03830073645264637, "num_leaves": 691, "subsample": 0.20150038371177337, "colsample_bytree": 0.9207067208685865, "min_data_in_leaf": 63}