{"learning_rate": 0.04866244414713651, "num_leaves": 59, "subsample": 0.7880110274497886, "colsample_bytree": 0.6027886739417041, "min_data_in_leaf": 42}