{"learning_rate": 0.06934811393006872, "num_leaves": 380, "subsample": 0.1709831096801862, "colsample_bytree": 0.23566373425703607, "min_data_in_leaf": 97}