{"learning_rate": 0.04006798504669871, "num_leaves": 546, "subsample": 0.45190900106910264, "colsample_bytree": 0.9096148208781045, "min_data_in_leaf": 85}