{"learning_rate": 0.04839286653865815, "num_leaves": 829, "subsample": 0.39202739304162443, "colsample_bytree": 0.8369629158664422, "min_data_in_leaf": 59}