{"learning_rate": 0.060683245171880666, "num_leaves": 552, "subsample": 0.10965888131743018, "colsample_bytree": 0.9980298785626268, "min_data_in_leaf": 85}