{"learning_rate": 0.04054421152327191, "num_leaves": 65, "subsample": 0.37468453360078025, "colsample_bytree": 0.9948446854290484, "min_data_in_leaf": 55}