{"learning_rate": 0.04664741436967197, "num_leaves": 29, "subsample": 0.8224907467754082, "colsample_bytree": 0.8727603435070003, "min_data_in_leaf": 61}