{"learning_rate": 0.04892658252362244, "num_leaves": 768, "subsample": 0.1821687610089457, "colsample_bytree": 0.3812023146863825, "min_data_in_leaf": 92}