{"learning_rate": 0.05684359724898849, "num_leaves": 673, "subsample": 0.7834648313803635, "colsample_bytree": 0.8865141095818444, "min_data_in_leaf": 97}