{"learning_rate": 0.041601962084063485, "num_leaves": 944, "subsample": 0.46507626094208165, "colsample_bytree": 0.9105515731241552, "min_data_in_leaf": 100}