{"eta": 0.07109109096896297, "gamma": 0.00671425469847118, "max_depth": 4, "min_child_weight": 6, "subsample": 0.7546319117992278, "colsample_bytree": 0.8098458364376406}