{"eta": 0.06589136656453591, "gamma": 0.9843061183845174, "max_depth": 4, "min_child_weight": 5, "subsample": 0.5706749613791282, "colsample_bytree": 0.8028686193865335}