{"eta": 0.07959877364672605, "gamma": 1.2738137284341715e-05, "max_depth": 3, "min_child_weight": 3, "subsample": 0.823027759172508, "colsample_bytree": 0.641781371165597}