{"eta": 0.11652357746874649, "gamma": 1.3903706066325423, "max_depth": 3, "min_child_weight": 3, "subsample": 0.983196169976973, "colsample_bytree": 0.8386173303849662}