{"eta": 0.05862150593561911, "gamma": 0.00017037164352376276, "max_depth": 4, "min_child_weight": 5, "subsample": 0.6619350393945969, "colsample_bytree": 0.8799324949018145}