{"eta": 0.09287826444508897, "gamma": 0.005284115190974588, "max_depth": 3, "min_child_weight": 5, "subsample": 0.8792321998387387, "colsample_bytree": 0.7568184696540304}