{"eta": 0.04771580680132028, "gamma": 4.680288337286944, "max_depth": 6, "min_child_weight": 5, "subsample": 0.5154433292543668, "colsample_bytree": 0.8786046232824078}