{"eta": 0.0786780214642922, "gamma": 0.029746339470611213, "max_depth": 3, "min_child_weight": 5, "subsample": 0.708069806572062, "colsample_bytree": 0.9075953209196097}