{"eta": 0.14582400092184827, "gamma": 1.2486089367434358e-07, "max_depth": 3, "min_child_weight": 5, "subsample": 0.8423783648648411, "colsample_bytree": 0.600006023865481}