{"eta": 0.11418098245839162, "gamma": 3.252531180535043e-05, "max_depth": 3, "min_child_weight": 3, "subsample": 0.9394442947629079, "colsample_bytree": 0.6654746791950296}