{"eta": 0.041217375967481415, "gamma": 0.000609645023646012, "max_depth": 5, "min_child_weight": 3, "subsample": 0.8686783966114526, "colsample_bytree": 0.6115637796229663}