{"eta": 0.10266875464977004, "gamma": 1.929747632239255e-07, "max_depth": 3, "min_child_weight": 4, "subsample": 0.9456669714004972, "colsample_bytree": 0.8818499725747024}