{"eta": 0.08062972817403677, "gamma": 0.10917259216603252, "max_depth": 3, "min_child_weight": 6, "subsample": 0.765695844504592, "colsample_bytree": 0.7137170702198494}