{"eta": 0.06292612366636241, "gamma": 0.4484481110822983, "max_depth": 3, "min_child_weight": 6, "subsample": 0.6191711927345831, "colsample_bytree": 0.8748898609545599}