{"eta": 0.035031645404655164, "gamma": 0.0009023778235575723, "max_depth": 5, "min_child_weight": 4, "subsample": 0.9823697641906878, "colsample_bytree": 0.935345875319645}