{"eta": 0.0698243135287244, "gamma": 0.43134287639048496, "max_depth": 4, "min_child_weight": 3, "subsample": 0.8829148680975475, "colsample_bytree": 0.9506783496348653}