{"learning_rate": 0.05626113063672299, "num_leaves": 508, "subsample": 0.24959446999270818, "colsample_bytree": 0.9309864141658539, "min_data_in_leaf": 84}