{"learning_rate": 0.023755690631947685, "num_leaves": 910, "subsample": 0.6299524237514249, "colsample_bytree": 0.623979241591244, "min_data_in_leaf": 82}