{"learning_rate": 0.0866903747332521, "num_leaves": 3, "subsample": 0.058641574215494735, "colsample_bytree": 0.4707679337278526, "min_data_in_leaf": 50}