{"learning_rate": 0.04880270694341699, "num_leaves": 5, "subsample": 0.4313420532575576, "colsample_bytree": 0.7958031635051172, "min_data_in_leaf": 31}