{"learning_rate": 0.042820723494515205, "num_leaves": 368, "subsample": 0.17855727374290403, "colsample_bytree": 0.753377483739025, "min_data_in_leaf": 37}