{"eta": 0.05128655990529329, "gamma": 1.8234090056525107e-07, "max_depth": 4, "min_child_weight": 2, "subsample": 0.8741626352918169, "colsample_bytree": 0.7351431547070326}