{"eta": 0.07306639051356126, "gamma": 0.022024156794985938, "max_depth": 3, "min_child_weight": 6, "subsample": 0.9933792205202334, "colsample_bytree": 0.921580244130331}