{"eta": 0.11866773470188091, "gamma": 0.00011338109477941614, "max_depth": 3, "min_child_weight": 1, "subsample": 0.669745677412996, "colsample_bytree": 0.679790079366941}