{"eta": 0.0545777653358924, "gamma": 0.0002264862946819672, "max_depth": 3, "min_child_weight": 5, "subsample": 0.7704220700029191, "colsample_bytree": 0.7662433995874792}