{"eta": 0.10071935285523413, "gamma": 1.3531863523459543e-08, "max_depth": 3, "min_child_weight": 4, "subsample": 0.5446287544147144, "colsample_bytree": 0.9470793336883647}