{"learning_rate": 0.0538963411046662, "num_leaves": 117, "subsample": 0.2908544744448947, "colsample_bytree": 0.8588545168412784, "min_data_in_leaf": 83}