{"learning_rate": 0.055305315953334405, "num_leaves": 246, "subsample": 0.6524732319973577, "colsample_bytree": 0.6260654265912537, "min_data_in_leaf": 77}