{"learning_rate": 0.02953619677001084, "num_leaves": 965, "subsample": 0.5222264287966443, "colsample_bytree": 0.870607353968157, "min_data_in_leaf": 29}