{"learning_rate": 0.061124448554590184, "num_leaves": 757, "subsample": 0.7477159070687893, "colsample_bytree": 0.6362895911202474, "min_data_in_leaf": 98}