{"learning_rate": 0.06919134774713838, "num_leaves": 480, "subsample": 0.5994390565231381, "colsample_bytree": 0.49863331531436317, "min_data_in_leaf": 92}